index,slug,commit,key,current,baseline,above_baseline
0,Baseline,dafd803492b0895203771853ebe76c222ac755cb,flash_text,352804,352804,0
0,Baseline,dafd803492b0895203771853ebe76c222ac755cb,flash_data,320,320,0
0,Baseline,dafd803492b0895203771853ebe76c222ac755cb,static_bss,111136,111136,0
0,Baseline,dafd803492b0895203771853ebe76c222ac755cb,heap_used,4440,4440,0
0,Baseline,dafd803492b0895203771853ebe76c222ac755cb,mbedtls_peak,21296,21360,-64
0,Baseline,dafd803492b0895203771853ebe76c222ac755cb,mbedtls_free,11472,11408,64
0,Baseline,dafd803492b0895203771853ebe76c222ac755cb,lwip_mem_free,7576,7576,0
0,Baseline,dafd803492b0895203771853ebe76c222ac755cb,lwip_pbufs_free,13,13,0
0,Baseline,dafd803492b0895203771853ebe76c222ac755cb,stack_log,116,116,0
0,Baseline,dafd803492b0895203771853ebe76c222ac755cb,stack_service,56,56,0
0,Baseline,dafd803492b0895203771853ebe76c222ac755cb,stack_harness,2840,2840,0
1,linked,cddb9a0d3d99042eda46ad5ea539e20d80614fc2,flash_text,352804,352804,0
1,linked,cddb9a0d3d99042eda46ad5ea539e20d80614fc2,flash_data,320,320,0
1,linked,cddb9a0d3d99042eda46ad5ea539e20d80614fc2,static_bss,111136,111136,0
1,linked,cddb9a0d3d99042eda46ad5ea539e20d80614fc2,heap_used,4440,4440,0
1,linked,cddb9a0d3d99042eda46ad5ea539e20d80614fc2,mbedtls_peak,21296,21360,-64
1,linked,cddb9a0d3d99042eda46ad5ea539e20d80614fc2,mbedtls_free,11472,11408,64
1,linked,cddb9a0d3d99042eda46ad5ea539e20d80614fc2,lwip_mem_free,7576,7576,0
1,linked,cddb9a0d3d99042eda46ad5ea539e20d80614fc2,lwip_pbufs_free,13,13,0
1,linked,cddb9a0d3d99042eda46ad5ea539e20d80614fc2,stack_log,116,116,0
1,linked,cddb9a0d3d99042eda46ad5ea539e20d80614fc2,stack_service,56,56,0
1,linked,cddb9a0d3d99042eda46ad5ea539e20d80614fc2,stack_harness,2840,2840,0
2,error-handler,2569fbf70d04725d533caaa36009f327097a1485,flash_text,353212,352804,408
2,error-handler,2569fbf70d04725d533caaa36009f327097a1485,flash_data,324,320,4
2,error-handler,2569fbf70d04725d533caaa36009f327097a1485,static_bss,111140,111136,4
2,error-handler,2569fbf70d04725d533caaa36009f327097a1485,heap_used,4440,4440,0
2,error-handler,2569fbf70d04725d533caaa36009f327097a1485,mbedtls_peak,21328,21360,-32
2,error-handler,2569fbf70d04725d533caaa36009f327097a1485,mbedtls_free,11440,11408,32
2,error-handler,2569fbf70d04725d533caaa36009f327097a1485,lwip_mem_free,7576,7576,0
2,error-handler,2569fbf70d04725d533caaa36009f327097a1485,lwip_pbufs_free,14,13,1
2,error-handler,2569fbf70d04725d533caaa36009f327097a1485,stack_log,116,116,0
2,error-handler,2569fbf70d04725d533caaa36009f327097a1485,stack_service,56,56,0
2,error-handler,2569fbf70d04725d533caaa36009f327097a1485,stack_harness,2840,2840,0
3,logger,5fe64f03c9cc0160e285865cca76d69abab57031,flash_text,353788,352804,984
3,logger,5fe64f03c9cc0160e285865cca76d69abab57031,flash_data,388,320,68
3,logger,5fe64f03c9cc0160e285865cca76d69abab57031,static_bss,111252,111136,116
3,logger,5fe64f03c9cc0160e285865cca76d69abab57031,heap_used,4440,4440,0
3,logger,5fe64f03c9cc0160e285865cca76d69abab57031,mbedtls_peak,21328,21360,-32
3,logger,5fe64f03c9cc0160e285865cca76d69abab57031,mbedtls_free,11440,11408,32
3,logger,5fe64f03c9cc0160e285865cca76d69abab57031,lwip_mem_free,7576,7576,0
3,logger,5fe64f03c9cc0160e285865cca76d69abab57031,lwip_pbufs_free,13,13,0
3,logger,5fe64f03c9cc0160e285865cca76d69abab57031,stack_log,116,116,0
3,logger,5fe64f03c9cc0160e285865cca76d69abab57031,stack_service,56,56,0
3,logger,5fe64f03c9cc0160e285865cca76d69abab57031,stack_harness,2840,2840,0
4,udp,de00dd714cb5f291954ba885c8c23a53df5152a5,flash_text,357436,352804,4632
4,udp,de00dd714cb5f291954ba885c8c23a53df5152a5,flash_data,452,320,132
4,udp,de00dd714cb5f291954ba885c8c23a53df5152a5,static_bss,112916,111136,1780
4,udp,de00dd714cb5f291954ba885c8c23a53df5152a5,heap_used,4440,4440,0
4,udp,de00dd714cb5f291954ba885c8c23a53df5152a5,mbedtls_peak,21328,21360,-32
4,udp,de00dd714cb5f291954ba885c8c23a53df5152a5,mbedtls_free,11440,11408,32
4,udp,de00dd714cb5f291954ba885c8c23a53df5152a5,lwip_mem_free,7576,7576,0
4,udp,de00dd714cb5f291954ba885c8c23a53df5152a5,lwip_pbufs_free,13,13,0
4,udp,de00dd714cb5f291954ba885c8c23a53df5152a5,stack_log,1020,116,904
4,udp,de00dd714cb5f291954ba885c8c23a53df5152a5,stack_service,56,56,0
4,udp,de00dd714cb5f291954ba885c8c23a53df5152a5,stack_harness,2848,2840,8
5,header-fields,2cd18c7a09b7c6b809551ec549ced9a59fd56733,flash_text,357820,352804,5016
5,header-fields,2cd18c7a09b7c6b809551ec549ced9a59fd56733,flash_data,452,320,132
5,header-fields,2cd18c7a09b7c6b809551ec549ced9a59fd56733,static_bss,112916,111136,1780
5,header-fields,2cd18c7a09b7c6b809551ec549ced9a59fd56733,heap_used,4440,4440,0
5,header-fields,2cd18c7a09b7c6b809551ec549ced9a59fd56733,mbedtls_peak,21328,21360,-32
5,header-fields,2cd18c7a09b7c6b809551ec549ced9a59fd56733,mbedtls_free,11440,11408,32
5,header-fields,2cd18c7a09b7c6b809551ec549ced9a59fd56733,lwip_mem_free,7576,7576,0
5,header-fields,2cd18c7a09b7c6b809551ec549ced9a59fd56733,lwip_pbufs_free,13,13,0
5,header-fields,2cd18c7a09b7c6b809551ec549ced9a59fd56733,stack_log,1020,116,904
5,header-fields,2cd18c7a09b7c6b809551ec549ced9a59fd56733,stack_service,56,56,0
5,header-fields,2cd18c7a09b7c6b809551ec549ced9a59fd56733,stack_harness,2848,2840,8
6,sequence-id,3a723d08f8ed16979e72505423f4ca26d0ce17c0,flash_text,358728,352804,5924
6,sequence-id,3a723d08f8ed16979e72505423f4ca26d0ce17c0,flash_data,476,320,156
6,sequence-id,3a723d08f8ed16979e72505423f4ca26d0ce17c0,static_bss,112956,111136,1820
6,sequence-id,3a723d08f8ed16979e72505423f4ca26d0ce17c0,heap_used,4440,4440,0
6,sequence-id,3a723d08f8ed16979e72505423f4ca26d0ce17c0,mbedtls_peak,21324,21360,-36
6,sequence-id,3a723d08f8ed16979e72505423f4ca26d0ce17c0,mbedtls_free,11444,11408,36
6,sequence-id,3a723d08f8ed16979e72505423f4ca26d0ce17c0,lwip_mem_free,7576,7576,0
6,sequence-id,3a723d08f8ed16979e72505423f4ca26d0ce17c0,lwip_pbufs_free,13,13,0
6,sequence-id,3a723d08f8ed16979e72505423f4ca26d0ce17c0,stack_log,1020,116,904
6,sequence-id,3a723d08f8ed16979e72505423f4ca26d0ce17c0,stack_service,56,56,0
6,sequence-id,3a723d08f8ed16979e72505423f4ca26d0ce17c0,stack_harness,2848,2840,8
7,buffered,b5e7eccbf7fb7e70ad272eb9fcd33c0425eb9370,flash_text,359468,352804,6664
7,buffered,b5e7eccbf7fb7e70ad272eb9fcd33c0425eb9370,flash_data,492,320,172
7,buffered,b5e7eccbf7fb7e70ad272eb9fcd33c0425eb9370,static_bss,118452,111136,7316
7,buffered,b5e7eccbf7fb7e70ad272eb9fcd33c0425eb9370,heap_used,4440,4440,0
7,buffered,b5e7eccbf7fb7e70ad272eb9fcd33c0425eb9370,mbedtls_peak,21396,21360,36
7,buffered,b5e7eccbf7fb7e70ad272eb9fcd33c0425eb9370,mbedtls_free,11372,11408,-36
7,buffered,b5e7eccbf7fb7e70ad272eb9fcd33c0425eb9370,lwip_mem_free,7576,7576,0
7,buffered,b5e7eccbf7fb7e70ad272eb9fcd33c0425eb9370,lwip_pbufs_free,13,13,0
7,buffered,b5e7eccbf7fb7e70ad272eb9fcd33c0425eb9370,stack_log,788,116,672
7,buffered,b5e7eccbf7fb7e70ad272eb9fcd33c0425eb9370,stack_service,1008,56,952
7,buffered,b5e7eccbf7fb7e70ad272eb9fcd33c0425eb9370,stack_harness,2848,2840,8
8,tcp,fc86aac4db0e29792e2fc261aeef38a2893368a7,flash_text,360144,352804,7340
8,tcp,fc86aac4db0e29792e2fc261aeef38a2893368a7,flash_data,496,320,176
8,tcp,fc86aac4db0e29792e2fc261aeef38a2893368a7,static_bss,118648,111136,7512
8,tcp,fc86aac4db0e29792e2fc261aeef38a2893368a7,heap_used,4440,4440,0
8,tcp,fc86aac4db0e29792e2fc261aeef38a2893368a7,mbedtls_peak,21364,21360,4
8,tcp,fc86aac4db0e29792e2fc261aeef38a2893368a7,mbedtls_free,11404,11408,-4
8,tcp,fc86aac4db0e29792e2fc261aeef38a2893368a7,lwip_mem_free,7576,7576,0
8,tcp,fc86aac4db0e29792e2fc261aeef38a2893368a7,lwip_pbufs_free,13,13,0
8,tcp,fc86aac4db0e29792e2fc261aeef38a2893368a7,stack_log,788,116,672
8,tcp,fc86aac4db0e29792e2fc261aeef38a2893368a7,stack_service,952,56,896
8,tcp,fc86aac4db0e29792e2fc261aeef38a2893368a7,stack_harness,2848,2840,8
9,time-quality,88e8c285a54f7ab4c836e705e4238ec46f286aed,flash_text,360476,352804,7672
9,time-quality,88e8c285a54f7ab4c836e705e4238ec46f286aed,flash_data,504,320,184
9,time-quality,88e8c285a54f7ab4c836e705e4238ec46f286aed,static_bss,118672,111136,7536
9,time-quality,88e8c285a54f7ab4c836e705e4238ec46f286aed,heap_used,4440,4440,0
9,time-quality,88e8c285a54f7ab4c836e705e4238ec46f286aed,mbedtls_peak,21380,21360,20
9,time-quality,88e8c285a54f7ab4c836e705e4238ec46f286aed,mbedtls_free,11388,11408,-20
9,time-quality,88e8c285a54f7ab4c836e705e4238ec46f286aed,lwip_mem_free,7576,7576,0
9,time-quality,88e8c285a54f7ab4c836e705e4238ec46f286aed,lwip_pbufs_free,13,13,0
9,time-quality,88e8c285a54f7ab4c836e705e4238ec46f286aed,stack_log,788,116,672
9,time-quality,88e8c285a54f7ab4c836e705e4238ec46f286aed,stack_service,952,56,896
9,time-quality,88e8c285a54f7ab4c836e705e4238ec46f286aed,stack_harness,2848,2840,8
10,file-store,61d123f2a1fc4802e9b3fccfa707681dcb6b98ed,flash_text,364296,352804,11492
10,file-store,61d123f2a1fc4802e9b3fccfa707681dcb6b98ed,flash_data,640,320,320
10,file-store,61d123f2a1fc4802e9b3fccfa707681dcb6b98ed,static_bss,119972,111136,8836
10,file-store,61d123f2a1fc4802e9b3fccfa707681dcb6b98ed,heap_used,4440,4440,0
10,file-store,61d123f2a1fc4802e9b3fccfa707681dcb6b98ed,mbedtls_peak,21296,21360,-64
10,file-store,61d123f2a1fc4802e9b3fccfa707681dcb6b98ed,mbedtls_free,11472,11408,64
10,file-store,61d123f2a1fc4802e9b3fccfa707681dcb6b98ed,lwip_mem_free,7576,7576,0
10,file-store,61d123f2a1fc4802e9b3fccfa707681dcb6b98ed,lwip_pbufs_free,14,13,1
10,file-store,61d123f2a1fc4802e9b3fccfa707681dcb6b98ed,stack_log,788,116,672
10,file-store,61d123f2a1fc4802e9b3fccfa707681dcb6b98ed,stack_service,1016,56,960
10,file-store,61d123f2a1fc4802e9b3fccfa707681dcb6b98ed,stack_harness,2848,2840,8
11,origin,0a90bbfee34760bbdfb7f9b7abc0f2b2aa5cd28d,flash_text,364676,352804,11872
11,origin,0a90bbfee34760bbdfb7f9b7abc0f2b2aa5cd28d,flash_data,648,320,328
11,origin,0a90bbfee34760bbdfb7f9b7abc0f2b2aa5cd28d,static_bss,120008,111136,8872
11,origin,0a90bbfee34760bbdfb7f9b7abc0f2b2aa5cd28d,heap_used,4440,4440,0
11,origin,0a90bbfee34760bbdfb7f9b7abc0f2b2aa5cd28d,mbedtls_peak,21296,21360,-64
11,origin,0a90bbfee34760bbdfb7f9b7abc0f2b2aa5cd28d,mbedtls_free,11472,11408,64
11,origin,0a90bbfee34760bbdfb7f9b7abc0f2b2aa5cd28d,lwip_mem_free,7576,7576,0
11,origin,0a90bbfee34760bbdfb7f9b7abc0f2b2aa5cd28d,lwip_pbufs_free,13,13,0
11,origin,0a90bbfee34760bbdfb7f9b7abc0f2b2aa5cd28d,stack_log,788,116,672
11,origin,0a90bbfee34760bbdfb7f9b7abc0f2b2aa5cd28d,stack_service,1016,56,960
11,origin,0a90bbfee34760bbdfb7f9b7abc0f2b2aa5cd28d,stack_harness,2848,2840,8
12,origin-ip,64e4e2a8f965b87f0af2041acb535a0c34966b65,flash_text,365084,352804,12280
12,origin-ip,64e4e2a8f965b87f0af2041acb535a0c34966b65,flash_data,648,320,328
12,origin-ip,64e4e2a8f965b87f0af2041acb535a0c34966b65,static_bss,120008,111136,8872
12,origin-ip,64e4e2a8f965b87f0af2041acb535a0c34966b65,heap_used,4440,4440,0
12,origin-ip,64e4e2a8f965b87f0af2041acb535a0c34966b65,mbedtls_peak,21328,21360,-32
12,origin-ip,64e4e2a8f965b87f0af2041acb535a0c34966b65,mbedtls_free,11440,11408,32
12,origin-ip,64e4e2a8f965b87f0af2041acb535a0c34966b65,lwip_mem_free,7576,7576,0
12,origin-ip,64e4e2a8f965b87f0af2041acb535a0c34966b65,lwip_pbufs_free,13,13,0
12,origin-ip,64e4e2a8f965b87f0af2041acb535a0c34966b65,stack_log,796,116,680
12,origin-ip,64e4e2a8f965b87f0af2041acb535a0c34966b65,stack_service,1016,56,960
12,origin-ip,64e4e2a8f965b87f0af2041acb535a0c34966b65,stack_harness,2848,2840,8
13,tls,326d2e4d31d2540dc3049874d223ec7661828fa6,flash_text,367408,352804,14604
13,tls,326d2e4d31d2540dc3049874d223ec7661828fa6,flash_data,672,320,352
13,tls,326d2e4d31d2540dc3049874d223ec7661828fa6,static_bss,148364,111136,37228
13,tls,326d2e4d31d2540dc3049874d223ec7661828fa6,heap_used,4440,4440,0
13,tls,326d2e4d31d2540dc3049874d223ec7661828fa6,mbedtls_peak,36096,21360,14736
13,tls,326d2e4d31d2540dc3049874d223ec7661828fa6,mbedtls_free,18176,11408,6768
13,tls,326d2e4d31d2540dc3049874d223ec7661828fa6,lwip_mem_free,7576,7576,0
13,tls,326d2e4d31d2540dc3049874d223ec7661828fa6,lwip_pbufs_free,13,13,0
13,tls,326d2e4d31d2540dc3049874d223ec7661828fa6,stack_log,796,116,680
13,tls,326d2e4d31d2540dc3049874d223ec7661828fa6,stack_service,3832,56,3776
13,tls,326d2e4d31d2540dc3049874d223ec7661828fa6,stack_harness,2848,2840,8
14,pin-rotation,d6397d1210f6e65baf0915836b4e45370df40554,flash_text,368064,352804,15260
14,pin-rotation,d6397d1210f6e65baf0915836b4e45370df40554,flash_data,676,320,356
14,pin-rotation,d6397d1210f6e65baf0915836b4e45370df40554,static_bss,148452,111136,37316
14,pin-rotation,d6397d1210f6e65baf0915836b4e45370df40554,heap_used,4440,4440,0
14,pin-rotation,d6397d1210f6e65baf0915836b4e45370df40554,mbedtls_peak,36160,21360,14800
14,pin-rotation,d6397d1210f6e65baf0915836b4e45370df40554,mbedtls_free,18112,11408,6704
14,pin-rotation,d6397d1210f6e65baf0915836b4e45370df40554,lwip_mem_free,7576,7576,0
14,pin-rotation,d6397d1210f6e65baf0915836b4e45370df40554,lwip_pbufs_free,13,13,0
14,pin-rotation,d6397d1210f6e65baf0915836b4e45370df40554,stack_log,796,116,680
14,pin-rotation,d6397d1210f6e65baf0915836b4e45370df40554,stack_service,3832,56,3776
14,pin-rotation,d6397d1210f6e65baf0915836b4e45370df40554,stack_harness,2872,2840,32
15,hmac,0362a02b291ce9b9c214b564f2dda7aea8fa1218,flash_text,368400,352804,15596
15,hmac,0362a02b291ce9b9c214b564f2dda7aea8fa1218,flash_data,672,320,352
15,hmac,0362a02b291ce9b9c214b564f2dda7aea8fa1218,static_bss,148476,111136,37340
15,hmac,0362a02b291ce9b9c214b564f2dda7aea8fa1218,heap_used,4440,4440,0
15,hmac,0362a02b291ce9b9c214b564f2dda7aea8fa1218,mbedtls_peak,36164,21360,14804
15,hmac,0362a02b291ce9b9c214b564f2dda7aea8fa1218,mbedtls_free,18108,11408,6700
15,hmac,0362a02b291ce9b9c214b564f2dda7aea8fa1218,lwip_mem_free,7576,7576,0
15,hmac,0362a02b291ce9b9c214b564f2dda7aea8fa1218,lwip_pbufs_free,13,13,0
15,hmac,0362a02b291ce9b9c214b564f2dda7aea8fa1218,stack_log,796,116,680
15,hmac,0362a02b291ce9b9c214b564f2dda7aea8fa1218,stack_service,3832,56,3776
15,hmac,0362a02b291ce9b9c214b564f2dda7aea8fa1218,stack_harness,2872,2840,32
16,pipeline-sd,f1c6bf4a38511873ed2fc280414a258c7cd318ec,flash_text,368536,352804,15732
16,pipeline-sd,f1c6bf4a38511873ed2fc280414a258c7cd318ec,flash_data,676,320,356
16,pipeline-sd,f1c6bf4a38511873ed2fc280414a258c7cd318ec,static_bss,148484,111136,37348
16,pipeline-sd,f1c6bf4a38511873ed2fc280414a258c7cd318ec,heap_used,4440,4440,0
16,pipeline-sd,f1c6bf4a38511873ed2fc280414a258c7cd318ec,mbedtls_peak,36124,21360,14764
16,pipeline-sd,f1c6bf4a38511873ed2fc280414a258c7cd318ec,mbedtls_free,18148,11408,6740
16,pipeline-sd,f1c6bf4a38511873ed2fc280414a258c7cd318ec,lwip_mem_free,7576,7576,0
16,pipeline-sd,f1c6bf4a38511873ed2fc280414a258c7cd318ec,lwip_pbufs_free,13,13,0
16,pipeline-sd,f1c6bf4a38511873ed2fc280414a258c7cd318ec,stack_log,796,116,680
16,pipeline-sd,f1c6bf4a38511873ed2fc280414a258c7cd318ec,stack_service,3832,56,3776
16,pipeline-sd,f1c6bf4a38511873ed2fc280414a258c7cd318ec,stack_harness,2872,2840,32
17,mtls,b2369328f286dbf0b527420a2ae8d2bbce36cf43,flash_text,368600,352804,15796
17,mtls,b2369328f286dbf0b527420a2ae8d2bbce36cf43,flash_data,680,320,360
17,mtls,b2369328f286dbf0b527420a2ae8d2bbce36cf43,static_bss,150532,111136,39396
17,mtls,b2369328f286dbf0b527420a2ae8d2bbce36cf43,heap_used,4440,4440,0
17,mtls,b2369328f286dbf0b527420a2ae8d2bbce36cf43,mbedtls_peak,37320,21360,15960
17,mtls,b2369328f286dbf0b527420a2ae8d2bbce36cf43,mbedtls_free,19000,11408,7592
17,mtls,b2369328f286dbf0b527420a2ae8d2bbce36cf43,lwip_mem_free,7576,7576,0
17,mtls,b2369328f286dbf0b527420a2ae8d2bbce36cf43,lwip_pbufs_free,13,13,0
17,mtls,b2369328f286dbf0b527420a2ae8d2bbce36cf43,stack_log,796,116,680
17,mtls,b2369328f286dbf0b527420a2ae8d2bbce36cf43,stack_service,3832,56,3776
17,mtls,b2369328f286dbf0b527420a2ae8d2bbce36cf43,stack_harness,2872,2840,32
18,aes-gcm,ab1a431c30db1908fef09edd4e2b0e45d0731439,flash_text,368736,352804,15932
18,aes-gcm,ab1a431c30db1908fef09edd4e2b0e45d0731439,flash_data,684,320,364
18,aes-gcm,ab1a431c30db1908fef09edd4e2b0e45d0731439,static_bss,150536,111136,39400
18,aes-gcm,ab1a431c30db1908fef09edd4e2b0e45d0731439,heap_used,4440,4440,0
18,aes-gcm,ab1a431c30db1908fef09edd4e2b0e45d0731439,mbedtls_peak,37276,21360,15916
18,aes-gcm,ab1a431c30db1908fef09edd4e2b0e45d0731439,mbedtls_free,19044,11408,7636
18,aes-gcm,ab1a431c30db1908fef09edd4e2b0e45d0731439,lwip_mem_free,7576,7576,0
18,aes-gcm,ab1a431c30db1908fef09edd4e2b0e45d0731439,lwip_pbufs_free,13,13,0
18,aes-gcm,ab1a431c30db1908fef09edd4e2b0e45d0731439,stack_log,796,116,680
18,aes-gcm,ab1a431c30db1908fef09edd4e2b0e45d0731439,stack_service,3832,56,3776
18,aes-gcm,ab1a431c30db1908fef09edd4e2b0e45d0731439,stack_harness,2872,2840,32
19,chain,be7759599e7755253ad6886961e1d1048ebccb3d,flash_text,368832,352804,16028
19,chain,be7759599e7755253ad6886961e1d1048ebccb3d,flash_data,688,320,368
19,chain,be7759599e7755253ad6886961e1d1048ebccb3d,static_bss,150536,111136,39400
19,chain,be7759599e7755253ad6886961e1d1048ebccb3d,heap_used,4440,4440,0
19,chain,be7759599e7755253ad6886961e1d1048ebccb3d,mbedtls_peak,37280,21360,15920
19,chain,be7759599e7755253ad6886961e1d1048ebccb3d,mbedtls_free,19040,11408,7632
19,chain,be7759599e7755253ad6886961e1d1048ebccb3d,lwip_mem_free,7576,7576,0
19,chain,be7759599e7755253ad6886961e1d1048ebccb3d,lwip_pbufs_free,13,13,0
19,chain,be7759599e7755253ad6886961e1d1048ebccb3d,stack_log,796,116,680
19,chain,be7759599e7755253ad6886961e1d1048ebccb3d,stack_service,3832,56,3776
19,chain,be7759599e7755253ad6886961e1d1048ebccb3d,stack_harness,2872,2840,32
20,right-size,a47840df0198a9cd49b24a80b3102537ea7a8270,flash_text,368832,352804,16028
20,right-size,a47840df0198a9cd49b24a80b3102537ea7a8270,flash_data,688,320,368
20,right-size,a47840df0198a9cd49b24a80b3102537ea7a8270,static_bss,147036,111136,35900
20,right-size,a47840df0198a9cd49b24a80b3102537ea7a8270,heap_used,4440,4440,0
20,right-size,a47840df0198a9cd49b24a80b3102537ea7a8270,mbedtls_peak,37308,21360,15948
20,right-size,a47840df0198a9cd49b24a80b3102537ea7a8270,mbedtls_free,19012,11408,7604
20,right-size,a47840df0198a9cd49b24a80b3102537ea7a8270,lwip_mem_free,7576,7576,0
20,right-size,a47840df0198a9cd49b24a80b3102537ea7a8270,lwip_pbufs_free,13,13,0
20,right-size,a47840df0198a9cd49b24a80b3102537ea7a8270,stack_log,716,116,600
20,right-size,a47840df0198a9cd49b24a80b3102537ea7a8270,stack_service,3752,56,3696
20,right-size,a47840df0198a9cd49b24a80b3102537ea7a8270,stack_harness,2872,2840,32
