index,slug,commit,verdict
0,Baseline,dafd803492b0895203771853ebe76c222ac755cb,"PASS"
1,linked,cddb9a0d3d99042eda46ad5ea539e20d80614fc2,"PASS"
2,error-handler,2569fbf70d04725d533caaa36009f327097a1485,"PASS"
3,logger,5fe64f03c9cc0160e285865cca76d69abab57031,"PASS"
4,udp,de00dd714cb5f291954ba885c8c23a53df5152a5,"PASS"
5,header-fields,2cd18c7a09b7c6b809551ec549ced9a59fd56733,"PASS"
6,sequence-id,3a723d08f8ed16979e72505423f4ca26d0ce17c0,"PASS"
7,buffered,b5e7eccbf7fb7e70ad272eb9fcd33c0425eb9370,"PASS"
8,tcp,fc86aac4db0e29792e2fc261aeef38a2893368a7,"PASS"
9,time-quality,88e8c285a54f7ab4c836e705e4238ec46f286aed,"PASS"
10,file-store,61d123f2a1fc4802e9b3fccfa707681dcb6b98ed,"PASS"
11,origin,0a90bbfee34760bbdfb7f9b7abc0f2b2aa5cd28d,"PASS"
12,origin-ip,64e4e2a8f965b87f0af2041acb535a0c34966b65,"PASS"
13,tls,326d2e4d31d2540dc3049874d223ec7661828fa6,"PASS"
14,pin-rotation,d6397d1210f6e65baf0915836b4e45370df40554,"PASS"
15,hmac,0362a02b291ce9b9c214b564f2dda7aea8fa1218,"PASS"
16,pipeline-sd,f1c6bf4a38511873ed2fc280414a258c7cd318ec,"PASS"
17,mtls,b2369328f286dbf0b527420a2ae8d2bbce36cf43,"PASS"
18,aes-gcm,ab1a431c30db1908fef09edd4e2b0e45d0731439,"PASS"
19,chain,be7759599e7755253ad6886961e1d1048ebccb3d,"PASS"
20,right-size,a47840df0198a9cd49b24a80b3102537ea7a8270,"PASS"
